category,cell_id,exponent_aware_skeleton_exact,failure_reason,family,generalization_r2_mean,input_r2_mean,normalized_variable_aware_ted,predicted_formula_canonical,predicted_formula_raw,source_path,source_phase,source_sha256,true_formula,valid,variable_to_gene
valid_but_structurally_wrong,R01_validation_d101_000_b0_n0_r0,0.0,,R01,0.9948907734913777,0.9981187753354941,0.3870967741935484,"add,mul,-0.0191,inv,add,12.77,mul,2.664,x_0,mul,0.4372,sin,add,14.42,mul,0.6135,x_0",0.4372 * sin(14.4200 + 0.6135 * x_0) + -0.0191 * (12.7700 + 2.6640 * x_0)**-1,,3,,0.1954 + 0.8878 * x_0 * 1/(0.8392 + x_0) + -1 * 0.3968 * x_0,True,"{""x_0"": ""synthetic_gene_0""}"
valid_but_structurally_wrong,R01_validation_d101_000_b0_n0_r0p5,0.0,,R01,0.9814543962957811,0.9942723815268303,0.5789473684210527,"add,0.5096,mul,-0.243,x_0",0.5096 + -0.2430 * x_0,,3,,0.1954 + 0.8878 * x_0 * 1/(0.8392 + x_0) + -1 * 0.3968 * x_0,True,"{""x_0"": ""synthetic_gene_0""}"
valid_but_structurally_wrong,R01_validation_d101_000_b0_n0p05_r0,0.0,,R01,0.9900770203196967,0.9680707357811041,0.38461538461538464,"add,mul,-0.0629,x_0,mul,0.3787,sin,add,13.77,mul,0.7903,x_0",0.3787 * sin(13.7700 + 0.7903 * x_0) + -0.0629 * x_0,,3,,0.1954 + 0.8878 * x_0 * 1/(0.8392 + x_0) + -1 * 0.3968 * x_0,True,"{""x_0"": ""synthetic_gene_0""}"
valid_but_structurally_wrong,R01_validation_d101_000_b0_n0p05_r0p5,0.0,,R01,0.9939111062747681,0.974826730168762,0.5789473684210527,"add,0.4867,mul,-0.2233,x_0",0.4867 + -0.2233 * x_0,,3,,0.1954 + 0.8878 * x_0 * 1/(0.8392 + x_0) + -1 * 0.3968 * x_0,True,"{""x_0"": ""synthetic_gene_0""}"
valid_but_structurally_wrong,R01_validation_d101_000_b1_n0_r0,0.0,,R01,0.9939647756760152,0.9987504025419529,0.38461538461538464,"add,mul,-0.1437,x_0,mul,0.4444,sin,add,14.11,mul,0.3776,x_0",0.4444 * sin(14.1100 + 0.3776 * x_0) + -0.1437 * x_0,,3,,0.1954 + 0.8878 * x_0 * 1/(0.8392 + x_0) + -1 * 0.3968 * x_0,True,"{""x_0"": ""synthetic_gene_0""}"
generation_or_evaluation_failure,odebench_20|n0.05|r0.0,False,NaN,ODEBench,,0.9806193773583197,0.3939393939393939,"add,mul,-0.0373,sin,add,0.1544,mul,23.2,x_0,mul,5.454,pow,add,0.2049,neg,x_0,2",5.4542 * (0.2049 + -1 * x_0)**2 + -0.0373 * sin(0.1544 + 23.2011 * x_0),,1,,c_0 - c_1 * x_0 + x_0^2 / (1 + x_0^2),True,
generation_or_evaluation_failure,odebench_21|n0.0|r0.0,False,CandidateIntegrationFailure,ODEBench,0.9289736852152245,,0.5,"mul,mul,0.9,add,mul,-0.0504,x_0,mul,1.018,inv,x_0,x_0",0.9000 * x_0 * (1.0180 * (x_0)**-1 + -0.0504 * x_0),,1,,c_0 - c_1 * x_0 - exp(-x_0),False,
generation_or_evaluation_failure,odebench_21|n0.0|r0.5,False,CandidateIntegrationFailure,ODEBench,,,0.5384615384615384,"add,mul,9.341,x_0,mul,mul,-9.736,add,mul,0.1553,x_0,mul,1.108,inv,x_0,x_0",9.3411 * x_0 + -9.7360 * x_0 * (0.1553 * x_0 + 1.1080 * (x_0)**-1),,1,,c_0 - c_1 * x_0 - exp(-x_0),False,
generation_or_evaluation_failure,odebench_21|n0.05|r0.0,False,CandidateIntegrationFailure,ODEBench,-7.156324192328659,,0.6410256410256411,"add,mul,1.139,x_0,mul,mul,-10.85,add,mul,0.051,x_0,mul,mul,11.72,add,mul,0.0532,inv,add,-0.1065,mul,-1.226,x_0,mul,0.1013,inv,x_0,x_0,x_0",1.1385 * x_0 + -10.8540 * x_0 * (0.0510 * x_0 + 11.7200 * x_0 * (0.0532 * (-0.1065 + -1.2260 * x_0)**-1 + 0.1013 * (x_0)**-1)),,1,,c_0 - c_1 * x_0 - exp(-x_0),False,
generation_or_evaluation_failure,odebench_21|n0.05|r0.5,False,CandidateIntegrationFailure,ODEBench,,,0.5384615384615384,"add,mul,9.252,x_0,mul,mul,-9.414,add,mul,0.1105,x_0,mul,1.254,inv,x_0,x_0",9.2520 * x_0 + -9.4140 * x_0 * (0.1105 * x_0 + 1.2540 * (x_0)**-1),,1,,c_0 - c_1 * x_0 - exp(-x_0),False,
generation_or_evaluation_failure,R05_validation_d101_006|b0|n0p050000000000000003|r0,"[0.0, 0.0]",ParseError,R05,,,"[1.0, 1.0]",,,cells/confirmation/main/grn_decoder_all/R05_validation_d101_006|b0|n0p050000000000000003|r0.json,6,2eeda9f4fb0f58c4f8bfc87e0afb11a40e9db44c5f5def2f434b28af307464e8,0.1351 + 1.351 * x_1 * 1/(0.6132 + x_1) + -1 * 0.6607 * x_0 | 0.1351 + 1.123 * x_0 * 1/(1.07 + x_0) + -1 * 0.6018 * x_1,False,"{""x_0"": ""synthetic_gene_0"", ""x_1"": ""synthetic_gene_1""}"
valid_but_structurally_wrong,R06_validation_d101_000|b0|n0p050000000000000003|r0,"[0.0, 0.0, 0.0]",,R06,,,"[0.35294117647058826, 0.3181818181818182, 0.6]","add,mul,-0.1992,x_0,mul,0.2138,x_1,|,add,mul,-0.1479,x_0,mul,0.0328,inv,add,-0.1207,mul,0.1818,x_1,|,mul,-0.0715,pow,x_2,2",0.2138 * x_1 + -0.1992 * x_0 | 0.0328 * (-0.1207 + 0.1818 * x_1)**-1 + -0.1479 * x_0 | -0.0715 * (x_2)**2,cells/confirmation/family_holdout/frozen/R06_validation_d101_000|b0|n0p050000000000000003|r0.json,6,e07064d2902fd41700fd3a2910d9210afdae314fb7df4f43d7a04fb5361a818f,2.136 * 1/(1.172 + x_2) + -1 * 0.7159 * x_0 | 1.149 * 1/(1.023 + x_0) + -1 * 0.3261 * x_1 | 0.9279 * 1/(0.5475 + x_1) + -1 * 0.568 * x_2,True,"{""x_0"": ""synthetic_gene_0"", ""x_1"": ""synthetic_gene_1"", ""x_2"": ""synthetic_gene_2""}"
generation_or_evaluation_failure,R06_validation_d101_002|b1|n0p050000000000000003|r0p5,"[0.0, 0.0, 0.0]",ParseError,R06,,,"[1.0, 1.0, 1.0]",,,cells/confirmation/family_holdout/decoder_3/R06_validation_d101_002|b1|n0p050000000000000003|r0p5.json,7,aab8a970f6e54fbcb963ca8051bbf71bcb4461193d35d14a7ad93acdf67b3ed3,0.291 * 1/(0.1441 + ((x_2)**2)**2) + -1 * 0.4896 * x_0 | 0.2048 * 1/(0.09381 + ((x_0)**2)**2) + -1 * 0.4279 * x_1 | 0.8879 * 1/(0.3602 + ((x_1)**2)**2) + -1 * 0.4016 * x_2,False,"{""x_0"": ""synthetic_gene_0"", ""x_1"": ""synthetic_gene_1"", ""x_2"": ""synthetic_gene_2""}"
valid_but_structurally_wrong,R06_validation_d101_000|b0|n0p050000000000000003|r0,"[0.0, 0.0, 0.0]",,R06,,,"[0.35294117647058826, 0.3181818181818182, 0.6]","add,mul,-0.1992,x_0,mul,0.2138,x_1,|,add,mul,-0.1479,x_0,mul,0.0328,inv,add,-0.1207,mul,0.1818,x_1,|,mul,-0.0715,pow,x_2,2",0.2138 * x_1 + -0.1992 * x_0 | 0.0328 * (-0.1207 + 0.1818 * x_1)**-1 + -0.1479 * x_0 | -0.0715 * (x_2)**2,cells/confirmation/family_holdout/decoder_0/R06_validation_d101_000|b0|n0p050000000000000003|r0.json,7,598e73be828b5b0d2be34b28baa0b70c45c94bff13847e580cae0c90c1e866c8,2.136 * 1/(1.172 + x_2) + -1 * 0.7159 * x_0 | 1.149 * 1/(1.023 + x_0) + -1 * 0.3261 * x_1 | 0.9279 * 1/(0.5475 + x_1) + -1 * 0.568 * x_2,True,"{""x_0"": ""synthetic_gene_0"", ""x_1"": ""synthetic_gene_1"", ""x_2"": ""synthetic_gene_2""}"
final_test_generation_or_evaluation_failure,R02_test_d101_002|b2|n0|r0,[0.0],ParseError,R02,,,[1.0],,,cells/final_test/main/grn_full/166643f87830934b/R02_test_d101_002|b2|n0|r0.json,8,6ebb7e2bb212bb76a33a93b28450b7f7635f79df0bf741393193cbfd4a8803f6,0.3338 * 1/(0.2837 + ((x_0)**2)**2) + -1 * 0.6123 * x_0,False,"{""x_0"": ""synthetic_gene_0""}"
final_test_success,R01_test_d101_000|b0|n0|r0,[1.0],,R01,,,[0.14285714285714285],"add,add,0.0992,mul,-0.7579,x_0,mul,mul,1.1,inv,add,1.38,x_0,x_0",0.0992 + -0.7579 * x_0 + 1.0998 * x_0 * (1.3800 + 1.0005 * x_0)**-1,cells/final_test/main/grn_full/bf1df53648af4dcb/R01_test_d101_000|b0|n0|r0.json,8,57b12d6ddecb3d34d6acd5c8cd9d766a2120341f2b5357bfb7f8b44c67541aee,0.1933 + 0.8218 * x_0 * 1/(1.402 + x_0) + -1 * 0.5138 * x_0,True,"{""x_0"": ""synthetic_gene_0""}"
final_test_valid_but_structurally_wrong,R07_test_d101_000|b0|n0p050000000000000003|r0,"[0.0, 0.0, 0.0]",,R07,,,"[0.5294117647058824, 0.3333333333333333, 0.5384615384615384]","add,mul,-0.0674,x_0,mul,0.2272,inv,add,-0.104,mul,0.5038,x_0,|,add,mul,-0.4878,x_1,mul,0.2226,inv,add,0.1167,mul,0.0694,x_1,|,add,mul,-0.0491,x_2,mul,0.042,x_0",0.2272 * (-0.1040 + 0.5038 * x_0)**-1 + -0.0674 * x_0 | 0.2226 * (0.1167 + 0.0694 * x_1)**-1 + -0.4878 * x_1 | 0.0420 * x_0 + -0.0491 * x_2,cells/final_test/family_holdout/frozen/00613238bab660de/R07_test_d101_000|b0|n0p050000000000000003|r0.json,8,1db81b6777f51b92516b41bddc8f6a214ed6fbdc07d43967eb97d049cfb70beb,1.202 + -1 * 0.4753 * x_0 | 1.782 * x_0 * 1/(0.7376 + x_0) + -1 * 0.7211 * x_1 | 1.794 * x_0 * 1/(0.7719 + x_0) * 1 * x_1 * 1/(0.7376 + x_1) + -1 * 0.5228 * x_2,True,"{""x_0"": ""synthetic_gene_0"", ""x_1"": ""synthetic_gene_1"", ""x_2"": ""synthetic_gene_2""}"
generation_or_evaluation_failure,R06_validation_d101_001|b0|n0p050000000000000003|r0p5,"[0.0, 0.0, 0.0]",TEDParseError,R06,,,"[0.47619047619047616, 0.42105263157894735, 1.0]","add,mul,-0.645,pow,x_0,2,mul,0.9352,x_1,|,add,mul,-0.6649,x_1,mul,0.4328,x_2",0.9352 * x_1 + -0.6450 * (x_0)**2 | 0.4328 * x_2 + -0.6649 * x_1,cells/validation_confirmation/family_holdout/grn_causal_top3/aa0e61b26d130ffb/R06_validation_d101_001|b0|n0p050000000000000003|r0p5.json,8,a38840c30a53f2651f56e91b7faa20f7aa28a6990874872991d3b8416b2738a3,2.337 * 1/(1.768 + (x_2)**2) + -1 * 0.8044 * x_0 | 0.4139 * 1/(0.2944 + (x_0)**2) + -1 * 0.4683 * x_1 | 0.8696 * 1/(0.6562 + (x_1)**2) + -1 * 0.5906 * x_2,False,"{""x_0"": ""synthetic_gene_0"", ""x_1"": ""synthetic_gene_1"", ""x_2"": ""synthetic_gene_2""}"
valid_but_structurally_wrong,R06_validation_d101_000|b0|n0p050000000000000003|r0,"[0.0, 0.0, 0.0]",,R06,,,"[0.35294117647058826, 0.3181818181818182, 0.6]","add,mul,-0.1992,x_0,mul,0.2138,x_1,|,add,mul,-0.1479,x_0,mul,0.0328,inv,add,-0.1207,mul,0.1818,x_1,|,mul,-0.0715,pow,x_2,2",0.2138 * x_1 + -0.1992 * x_0 | 0.0328 * (-0.1207 + 0.1818 * x_1)**-1 + -0.1479 * x_0 | -0.0715 * (x_2)**2,cells/validation_confirmation/family_holdout/grn_bottom3/57a03de99aa4272f/R06_validation_d101_000|b0|n0p050000000000000003|r0.json,8,bfba311f7818ee243351c60ad01e7b16a6a331ff086fefddceb1464beef02d31,2.136 * 1/(1.172 + x_2) + -1 * 0.7159 * x_0 | 1.149 * 1/(1.023 + x_0) + -1 * 0.3261 * x_1 | 0.9279 * 1/(0.5475 + x_1) + -1 * 0.568 * x_2,True,"{""x_0"": ""synthetic_gene_0"", ""x_1"": ""synthetic_gene_1"", ""x_2"": ""synthetic_gene_2""}"
