affected_cells,denominator,denominator_metric,event_count,layer,metric,missing_candidate_slots,phase,rate,selected,source_sha256,subgroup,unit,value,value_kind
1,120,cells,1,failure_event_summary,beam_shortfall,1,6,0.008333333333333333,False,,family_holdout/frozen,cell,1,count
22,17997,trajectory_slots,65,failure_event_summary,trajectory,0,6,0.003611713063288326,False,,family_holdout/frozen,trajectory,65,count
8,480,cells,8,failure_event_summary,beam_shortfall,9,6,0.016666666666666666,False,,family_holdout/grn_decoder_all,cell,8,count
15,8871,candidates_saved,94,failure_event_summary,ted,0,6,0.010596325104272348,False,,family_holdout/grn_decoder_all,candidate,94,count
5,8871,candidates_saved,8,failure_event_summary,ted,0,6,0.0009018149024912637,True,,family_holdout/grn_decoder_all,candidate,8,count
41,26613,trajectory_slots,498,failure_event_summary,trajectory,0,6,0.018712659226693722,False,,family_holdout/grn_decoder_all,trajectory,498,count
5,26613,trajectory_slots,24,failure_event_summary,trajectory,0,6,0.0009018149024912637,True,,family_holdout/grn_decoder_all,trajectory,24,count
21,480,cells,26,failure_event_summary,beam_shortfall,100,6,0.05416666666666667,False,,family_holdout/grn_full,cell,26,count
7,8780,candidates_saved,7,failure_event_summary,parse,0,6,0.0007972665148063781,True,,family_holdout/grn_full,candidate,7,count
39,8780,candidates_saved,402,failure_event_summary,ted,0,6,0.04578587699316629,False,,family_holdout/grn_full,candidate,402,count
38,8780,candidates_saved,57,failure_event_summary,ted,0,6,0.006492027334851936,True,,family_holdout/grn_full,candidate,57,count
47,26340,trajectory_slots,1349,failure_event_summary,trajectory,0,6,0.05121488230827639,False,,family_holdout/grn_full,trajectory,1349,count
40,26340,trajectory_slots,194,failure_event_summary,trajectory,0,6,0.007365223993925588,True,,family_holdout/grn_full,trajectory,194,count
19,480,cells,22,failure_event_summary,beam_shortfall,47,6,0.04583333333333333,False,,family_holdout/official_continued_full,cell,22,count
5,8833,candidates_saved,17,failure_event_summary,ted,0,6,0.0019246009283369185,False,,family_holdout/official_continued_full,candidate,17,count
45,26499,trajectory_slots,337,failure_event_summary,trajectory,0,6,0.01271746103626552,False,,family_holdout/official_continued_full,trajectory,337,count
9,960,cells,9,failure_event_summary,beam_shortfall,13,6,0.009375,False,,main/frozen,cell,9,count
78,143961,trajectory_slots,655,failure_event_summary,trajectory,0,6,0.00454984336035454,False,,main/frozen,trajectory,655,count
290,1824,cells,311,failure_event_summary,beam_shortfall,4006,6,0.17050438596491227,False,,main/grn_decoder_all,cell,311,count
1,50906,candidates_saved,1,failure_event_summary,parse,0,6,1.9644049817310335e-05,False,,main/grn_decoder_all,candidate,1,count
16,50906,candidates_saved,18,failure_event_summary,parse,0,6,0.0003535928967115861,True,,main/grn_decoder_all,candidate,18,count
12,50906,candidates_saved,99,failure_event_summary,ted,0,6,0.0019447609319137233,False,,main/grn_decoder_all,candidate,99,count
2,50906,candidates_saved,2,failure_event_summary,ted,0,6,3.928809963462067e-05,True,,main/grn_decoder_all,candidate,2,count
199,152718,trajectory_slots,6202,failure_event_summary,trajectory,0,6,0.04061079898898624,False,,main/grn_decoder_all,trajectory,6202,count
27,152718,trajectory_slots,111,failure_event_summary,trajectory,0,6,0.0007268298432404824,True,,main/grn_decoder_all,trajectory,111,count
191,1824,cells,218,failure_event_summary,beam_shortfall,3763,6,0.11951754385964912,False,,main/grn_full,cell,218,count
2,51149,candidates_saved,19,failure_event_summary,nonfinite,0,6,0.00037146376273240923,False,,main/grn_full,candidate,19,count
1,51149,candidates_saved,1,failure_event_summary,nonfinite,0,6,1.955072435433733e-05,True,,main/grn_full,candidate,1,count
1,51149,candidates_saved,3,failure_event_summary,parse,0,6,5.865217306301199e-05,False,,main/grn_full,candidate,3,count
27,51149,candidates_saved,28,failure_event_summary,parse,0,6,0.0005474202819214452,True,,main/grn_full,candidate,28,count
11,51149,candidates_saved,415,failure_event_summary,ted,0,6,0.00811355060704999,False,,main/grn_full,candidate,415,count
8,51149,candidates_saved,8,failure_event_summary,ted,0,6,0.00015640579483469863,True,,main/grn_full,candidate,8,count
1,51149,candidates_saved,28,failure_event_summary,timeout,0,6,0.0005474202819214452,False,,main/grn_full,candidate,28,count
107,153447,trajectory_slots,4225,failure_event_summary,trajectory,0,6,0.02753393679902507,False,,main/grn_full,trajectory,4225,count
41,153447,trajectory_slots,124,failure_event_summary,trajectory,0,6,0.0008080966066459429,True,,main/grn_full,trajectory,124,count
54,1824,cells,54,failure_event_summary,beam_shortfall,187,6,0.029605263157894735,False,,main/official_continued_full,cell,54,count
7,54725,candidates_saved,7,failure_event_summary,parse,0,6,0.00012791228871630883,True,,main/official_continued_full,candidate,7,count
4,54725,candidates_saved,4,failure_event_summary,ted,0,6,7.309273640931932e-05,False,,main/official_continued_full,candidate,4,count
156,164175,trajectory_slots,1476,failure_event_summary,trajectory,0,6,0.008990406578346277,False,,main/official_continued_full,trajectory,1476,count
10,164175,trajectory_slots,29,failure_event_summary,trajectory,0,6,0.00017664077965585503,True,,main/official_continued_full,trajectory,29,count
120,7680,cells,341,failure_event_summary,beam_shortfall,4095,7,0.04440104166666667,False,,family_holdout/grn_single_block,cell,341,count
12,137985,candidates_saved,40,failure_event_summary,parse,0,7,0.0002898865818748415,False,,family_holdout/grn_single_block,candidate,40,count
27,137985,candidates_saved,29,failure_event_summary,parse,0,7,0.00021016777185926006,True,,family_holdout/grn_single_block,candidate,29,count
102,137985,candidates_saved,5207,failure_event_summary,ted,0,7,0.03773598579555749,False,,family_holdout/grn_single_block,candidate,5207,count
50,137985,candidates_saved,366,failure_event_summary,ted,0,7,0.0026524622241547993,True,,family_holdout/grn_single_block,candidate,366,count
119,413955,trajectory_slots,23313,failure_event_summary,trajectory,0,7,0.056317715693734824,False,,family_holdout/grn_single_block,trajectory,23313,count
67,413955,trajectory_slots,1225,failure_event_summary,trajectory,0,7,0.0029592588566390065,True,,family_holdout/grn_single_block,trajectory,1225,count
245,18432,cells,1074,failure_event_summary,beam_shortfall,13680,7,0.058268229166666664,False,,main/grn_single_block,cell,1074,count
25,327312,candidates_saved,58,failure_event_summary,parse,0,7,0.00017720095810724935,False,,main/grn_single_block,candidate,58,count
123,327312,candidates_saved,292,failure_event_summary,parse,0,7,0.000892115168402014,True,,main/grn_single_block,candidate,292,count
123,327312,candidates_saved,3743,failure_event_summary,ted,0,7,0.011435572175783351,False,,main/grn_single_block,candidate,3743,count
84,327312,candidates_saved,246,failure_event_summary,ted,0,7,0.0007515764774893679,True,,main/grn_single_block,candidate,246,count
229,981936,trajectory_slots,23960,failure_event_summary,trajectory,0,7,0.024400775610630428,False,,main/grn_single_block,trajectory,23960,count
143,981936,trajectory_slots,1638,failure_event_summary,trajectory,0,7,0.001668133157354451,True,,main/grn_single_block,trajectory,1638,count
34,37200,trajectory_slots,136,failure_event_summary,trajectory,0,8,0.0036559139784946237,False,,family_holdout/frozen,trajectory,136,count
6,480,cells,6,failure_event_summary,beam_shortfall,15,8,0.0125,False,,family_holdout/grn_bottom3,cell,6,count
38,8865,candidates_saved,435,failure_event_summary,ted,0,8,0.049069373942470386,False,,family_holdout/grn_bottom3,candidate,435,count
32,8865,candidates_saved,55,failure_event_summary,ted,0,8,0.006204173716864072,True,,family_holdout/grn_bottom3,candidate,55,count
53,26595,trajectory_slots,1419,failure_event_summary,trajectory,0,8,0.05335589396503102,False,,family_holdout/grn_bottom3,trajectory,1419,count
32,26595,trajectory_slots,165,failure_event_summary,trajectory,0,8,0.006204173716864072,True,,family_holdout/grn_bottom3,trajectory,165,count
14,480,cells,15,failure_event_summary,beam_shortfall,37,8,0.03125,False,,family_holdout/grn_causal_top3,cell,15,count
3,8843,candidates_saved,3,failure_event_summary,parse,0,8,0.0003392513852764899,False,,family_holdout/grn_causal_top3,candidate,3,count
44,8843,candidates_saved,884,failure_event_summary,ted,0,8,0.09996607486147235,False,,family_holdout/grn_causal_top3,candidate,884,count
9,8843,candidates_saved,14,failure_event_summary,ted,0,8,0.0015831731312902862,True,,family_holdout/grn_causal_top3,candidate,14,count
62,26529,trajectory_slots,2880,failure_event_summary,trajectory,0,8,0.10856044328847676,False,,family_holdout/grn_causal_top3,trajectory,2880,count
9,26529,trajectory_slots,42,failure_event_summary,trajectory,0,8,0.0015831731312902862,True,,family_holdout/grn_causal_top3,trajectory,42,count
16,240,cells,16,failure_event_summary,beam_shortfall,39,8,0.06666666666666667,False,,family_holdout/grn_full,cell,16,count
5,37083,trajectory_slots,19,failure_event_summary,trajectory,0,8,0.0005123641560823019,False,,family_holdout/grn_full,trajectory,19,count
5,720,cells,5,failure_event_summary,beam_shortfall,11,8,0.006944444444444444,False,,family_holdout/grn_random3_0,cell,5,count
19,20869,candidates_saved,84,failure_event_summary,ted,0,8,0.004025109013369112,False,,family_holdout/grn_random3_0,candidate,84,count
3,20869,candidates_saved,3,failure_event_summary,ted,0,8,0.00014375389333461114,True,,family_holdout/grn_random3_0,candidate,3,count
106,63807,trajectory_slots,648,failure_event_summary,trajectory,0,8,0.010155625558324322,False,,family_holdout/grn_random3_0,trajectory,648,count
3,63807,trajectory_slots,9,failure_event_summary,trajectory,0,8,0.00014105035497672668,True,,family_holdout/grn_random3_0,trajectory,9,count
7,480,cells,9,failure_event_summary,beam_shortfall,31,8,0.01875,False,,family_holdout/grn_random3_1,cell,9,count
4,8849,candidates_saved,13,failure_event_summary,ted,0,8,0.0014690925528308284,False,,family_holdout/grn_random3_1,candidate,13,count
41,26547,trajectory_slots,351,failure_event_summary,trajectory,0,8,0.013221832975477455,False,,family_holdout/grn_random3_1,trajectory,351,count
16,480,cells,18,failure_event_summary,beam_shortfall,51,8,0.0375,False,,family_holdout/grn_random3_2,cell,18,count
20,8829,candidates_saved,590,failure_event_summary,ted,0,8,0.06682523502095368,False,,family_holdout/grn_random3_2,candidate,590,count
7,8829,candidates_saved,7,failure_event_summary,ted,0,8,0.0007928417714350436,True,,family_holdout/grn_random3_2,candidate,7,count
44,26487,trajectory_slots,2104,failure_event_summary,trajectory,0,8,0.0794351946237777,False,,family_holdout/grn_random3_2,trajectory,2104,count
7,26487,trajectory_slots,21,failure_event_summary,trajectory,0,8,0.0007928417714350436,True,,family_holdout/grn_random3_2,trajectory,21,count
10,480,cells,12,failure_event_summary,beam_shortfall,19,8,0.025,False,,family_holdout/grn_random3_3,cell,12,count
16,8861,candidates_saved,176,failure_event_summary,ted,0,8,0.019862318022796525,False,,family_holdout/grn_random3_3,candidate,176,count
3,8861,candidates_saved,3,failure_event_summary,ted,0,8,0.0003385622390249407,True,,family_holdout/grn_random3_3,candidate,3,count
35,26583,trajectory_slots,684,failure_event_summary,trajectory,0,8,0.025730730165895496,False,,family_holdout/grn_random3_3,trajectory,684,count
3,26583,trajectory_slots,9,failure_event_summary,trajectory,0,8,0.0003385622390249407,True,,family_holdout/grn_random3_3,trajectory,9,count
1,8880,candidates_saved,1,failure_event_summary,parse,0,8,0.00011261261261261261,False,,family_holdout/grn_random3_4,candidate,1,count
12,8880,candidates_saved,315,failure_event_summary,ted,0,8,0.03547297297297297,False,,family_holdout/grn_random3_4,candidate,315,count
1,8880,candidates_saved,1,failure_event_summary,ted,0,8,0.00011261261261261261,True,,family_holdout/grn_random3_4,candidate,1,count
41,26640,trajectory_slots,1094,failure_event_summary,trajectory,0,8,0.04106606606606607,False,,family_holdout/grn_random3_4,trajectory,1094,count
1,26640,trajectory_slots,3,failure_event_summary,trajectory,0,8,0.00011261261261261261,True,,family_holdout/grn_random3_4,trajectory,3,count
11,480,cells,11,failure_event_summary,beam_shortfall,62,8,0.022916666666666665,False,,family_holdout/grn_top1,cell,11,count
44,26454,trajectory_slots,221,failure_event_summary,trajectory,0,8,0.008354124140016633,False,,family_holdout/grn_top1,trajectory,221,count
29,720,cells,29,failure_event_summary,beam_shortfall,257,8,0.04027777777777778,False,,family_holdout/grn_top3,cell,29,count
1,20623,candidates_saved,1,failure_event_summary,parse,0,8,4.8489550501866846e-05,False,,family_holdout/grn_top3,candidate,1,count
1,20623,candidates_saved,1,failure_event_summary,ted,0,8,4.8489550501866846e-05,False,,family_holdout/grn_top3,candidate,1,count
77,63069,trajectory_slots,380,failure_event_summary,trajectory,0,8,0.006025147061155243,False,,family_holdout/grn_top3,trajectory,380,count
3,240,cells,3,failure_event_summary,beam_shortfall,5,8,0.0125,False,,family_holdout/official_continued_full,cell,3,count
36,37185,trajectory_slots,105,failure_event_summary,trajectory,0,8,0.0028237192416296895,False,,family_holdout/official_continued_full,trajectory,105,count
23,960,cells,23,failure_event_summary,beam_shortfall,223,8,0.023958333333333335,False,,main/frozen,cell,23,count
118,148131,trajectory_slots,1477,failure_event_summary,trajectory,0,8,0.009970904132153296,False,,main/frozen,trajectory,1477,count
6,148131,trajectory_slots,9,failure_event_summary,trajectory,0,8,6.075703262652652e-05,True,,main/frozen,trajectory,9,count
40,1824,cells,43,failure_event_summary,beam_shortfall,116,8,0.023574561403508772,False,,main/grn_bottom3,cell,43,count
6,54796,candidates_saved,26,failure_event_summary,parse,0,8,0.00047448718884590116,False,,main/grn_bottom3,candidate,26,count
1,54796,candidates_saved,1,failure_event_summary,parse,0,8,1.824950726330389e-05,True,,main/grn_bottom3,candidate,1,count
91,54796,candidates_saved,1058,failure_event_summary,ted,0,8,0.019307978684575518,False,,main/grn_bottom3,candidate,1058,count
30,54796,candidates_saved,53,failure_event_summary,ted,0,8,0.0009672238849551062,True,,main/grn_bottom3,candidate,53,count
238,164388,trajectory_slots,4025,failure_event_summary,trajectory,0,8,0.024484755578266054,False,,main/grn_bottom3,trajectory,4025,count
30,164388,trajectory_slots,159,failure_event_summary,trajectory,0,8,0.0009672238849551062,True,,main/grn_bottom3,trajectory,159,count
70,1824,cells,75,failure_event_summary,beam_shortfall,285,8,0.04111842105263158,False,,main/grn_causal_top3,cell,75,count
13,54627,candidates_saved,51,failure_event_summary,parse,0,8,0.0009336042616288648,False,,main/grn_causal_top3,candidate,51,count
118,54627,candidates_saved,1635,failure_event_summary,ted,0,8,0.02993025426986655,False,,main/grn_causal_top3,candidate,1635,count
17,54627,candidates_saved,28,failure_event_summary,ted,0,8,0.0005125670456001611,True,,main/grn_causal_top3,candidate,28,count
177,163881,trajectory_slots,5908,failure_event_summary,trajectory,0,8,0.036050548873878,False,,main/grn_causal_top3,trajectory,5908,count
19,163881,trajectory_slots,87,failure_event_summary,trajectory,0,8,0.0005308730115144525,True,,main/grn_causal_top3,trajectory,87,count
206,960,cells,206,failure_event_summary,beam_shortfall,4659,8,0.21458333333333332,False,,main/grn_full,cell,206,count
31,43341,candidates_saved,31,failure_event_summary,parse,0,8,0.0007152580697261253,True,,main/grn_full,candidate,31,count
13,43341,candidates_saved,525,failure_event_summary,ted,0,8,0.012113241503426317,False,,main/grn_full,candidate,525,count
10,43341,candidates_saved,10,failure_event_summary,ted,0,8,0.0002307284095890727,True,,main/grn_full,candidate,10,count
69,134823,trajectory_slots,3015,failure_event_summary,trajectory,0,8,0.022362653256491845,False,,main/grn_full,trajectory,3015,count
41,134823,trajectory_slots,328,failure_event_summary,trajectory,0,8,0.002432819326079378,True,,main/grn_full,trajectory,328,count
57,2784,cells,61,failure_event_summary,beam_shortfall,265,8,0.021910919540229886,False,,main/grn_random3_0,cell,61,count
6,102647,candidates_saved,34,failure_event_summary,parse,0,8,0.00033123228150847077,False,,main/grn_random3_0,candidate,34,count
11,102647,candidates_saved,62,failure_event_summary,ted,0,8,0.0006040118074566232,False,,main/grn_random3_0,candidate,62,count
3,102647,candidates_saved,3,failure_event_summary,ted,0,8,2.9226377780159187e-05,True,,main/grn_random3_0,candidate,3,count
213,312741,trajectory_slots,2095,failure_event_summary,trajectory,0,8,0.006698833859327687,False,,main/grn_random3_0,trajectory,2095,count
9,312741,trajectory_slots,16,failure_event_summary,trajectory,0,8,5.116054498770548e-05,True,,main/grn_random3_0,trajectory,16,count
54,1824,cells,60,failure_event_summary,beam_shortfall,225,8,0.03289473684210526,False,,main/grn_random3_1,cell,60,count
10,54687,candidates_saved,10,failure_event_summary,parse,0,8,0.00018285881470916305,True,,main/grn_random3_1,candidate,10,count
3,54687,candidates_saved,5,failure_event_summary,ted,0,8,9.142940735458153e-05,False,,main/grn_random3_1,candidate,5,count
118,164061,trajectory_slots,1528,failure_event_summary,trajectory,0,8,0.009313608962520039,False,,main/grn_random3_1,trajectory,1528,count
15,164061,trajectory_slots,53,failure_event_summary,trajectory,0,8,0.00032305057265285473,True,,main/grn_random3_1,trajectory,53,count
38,1824,cells,53,failure_event_summary,beam_shortfall,192,8,0.02905701754385965,False,,main/grn_random3_2,cell,53,count
2,54720,candidates_saved,2,failure_event_summary,parse,0,8,3.654970760233918e-05,False,,main/grn_random3_2,candidate,2,count
8,54720,candidates_saved,8,failure_event_summary,parse,0,8,0.00014619883040935673,True,,main/grn_random3_2,candidate,8,count
101,164160,trajectory_slots,1498,failure_event_summary,trajectory,0,8,0.009125243664717349,False,,main/grn_random3_2,trajectory,1498,count
10,164160,trajectory_slots,32,failure_event_summary,trajectory,0,8,0.0001949317738791423,True,,main/grn_random3_2,trajectory,32,count
54,1824,cells,55,failure_event_summary,beam_shortfall,829,8,0.030153508771929825,False,,main/grn_random3_3,cell,55,count
3,54083,candidates_saved,6,failure_event_summary,parse,0,8,0.0001109405913133517,False,,main/grn_random3_3,candidate,6,count
3,54083,candidates_saved,3,failure_event_summary,parse,0,8,5.547029565667585e-05,True,,main/grn_random3_3,candidate,3,count
1,54083,candidates_saved,8,failure_event_summary,ted,0,8,0.00014792078841780227,False,,main/grn_random3_3,candidate,8,count
121,162249,trajectory_slots,1201,failure_event_summary,trajectory,0,8,0.007402202787074188,False,,main/grn_random3_3,trajectory,1201,count
9,162249,trajectory_slots,17,failure_event_summary,trajectory,0,8,0.0001047772251292766,True,,main/grn_random3_3,trajectory,17,count
178,1824,cells,182,failure_event_summary,beam_shortfall,3558,8,0.09978070175438597,False,,main/grn_random3_4,cell,182,count
3,51354,candidates_saved,3,failure_event_summary,parse,0,8,5.8418039490594695e-05,False,,main/grn_random3_4,candidate,3,count
24,51354,candidates_saved,24,failure_event_summary,parse,0,8,0.00046734431592475756,True,,main/grn_random3_4,candidate,24,count
2,51354,candidates_saved,82,failure_event_summary,ted,0,8,0.001596759746076255,False,,main/grn_random3_4,candidate,82,count
109,154062,trajectory_slots,1787,failure_event_summary,trajectory,0,8,0.011599226285521413,False,,main/grn_random3_4,trajectory,1787,count
30,154062,trajectory_slots,90,failure_event_summary,trajectory,0,8,0.0005841803949059469,True,,main/grn_random3_4,trajectory,90,count
56,1824,cells,74,failure_event_summary,beam_shortfall,260,8,0.04057017543859649,False,,main/grn_top1,cell,74,count
1,54652,candidates_saved,1,failure_event_summary,parse,0,8,1.8297592036887947e-05,False,,main/grn_top1,candidate,1,count
9,54652,candidates_saved,10,failure_event_summary,parse,0,8,0.00018297592036887946,True,,main/grn_top1,candidate,10,count
101,163956,trajectory_slots,1854,failure_event_summary,trajectory,0,8,0.011307911878796751,False,,main/grn_top1,trajectory,1854,count
15,163956,trajectory_slots,45,failure_event_summary,trajectory,0,8,0.0002744638805533192,True,,main/grn_top1,trajectory,45,count
175,2784,cells,175,failure_event_summary,beam_shortfall,3730,8,0.06285919540229885,False,,main/grn_top3,cell,175,count
1,99182,candidates_saved,1,failure_event_summary,parse,0,8,1.0082474642576274e-05,False,,main/grn_top3,candidate,1,count
12,99182,candidates_saved,12,failure_event_summary,parse,0,8,0.00012098969571091529,True,,main/grn_top3,candidate,12,count
1,99182,candidates_saved,7,failure_event_summary,timeout,0,8,7.057732249803392e-05,False,,main/grn_top3,candidate,7,count
1,99182,candidates_saved,1,failure_event_summary,timeout,0,8,1.0082474642576274e-05,True,,main/grn_top3,candidate,1,count
243,302346,trajectory_slots,4152,failure_event_summary,trajectory,0,8,0.013732610982119822,False,,main/grn_top3,trajectory,4152,count
17,302346,trajectory_slots,82,failure_event_summary,trajectory,0,8,0.00027121245195901384,True,,main/grn_top3,trajectory,82,count
16,960,cells,16,failure_event_summary,beam_shortfall,134,8,0.016666666666666666,False,,main/official_continued_full,cell,16,count
151,148398,trajectory_slots,2112,failure_event_summary,trajectory,0,8,0.014231997735818541,False,,main/official_continued_full,trajectory,2112,count
13,148398,trajectory_slots,26,failure_event_summary,trajectory,0,8,0.00017520451758109946,True,,main/official_continued_full,trajectory,26,count
,,,,derived_funnel,cells,,6,,,,family_holdout/frozen,,120,count
,,,,derived_funnel,cells_with_candidates,,6,,,,family_holdout/frozen,,120,count
,,,,derived_funnel,candidates_saved,,6,,,,family_holdout/frozen,,5999,count
,,,,derived_funnel,expected_candidate_slots,,6,,,,family_holdout/frozen,,6000,count
,,,,derived_funnel,missing_candidate_slots,,6,,,,family_holdout/frozen,,1,count
,,,,derived_funnel,candidates_formula_evaluated,,6,,,,family_holdout/frozen,,5999,count
,,,,derived_funnel,component_slots,,6,,,,family_holdout/frozen,,17997,count
,,,,derived_funnel,trajectory_slots,,6,,,,family_holdout/frozen,,17997,count
,,,,derived_funnel,selected_cells,,6,,,,family_holdout/frozen,,120,count
,,,,derived_funnel,selected_valid_cells,,6,,,,family_holdout/frozen,,120,count
,,,,derived_funnel,cells,,6,,,,family_holdout/grn_decoder_all,,480,count
,,,,derived_funnel,cells_with_candidates,,6,,,,family_holdout/grn_decoder_all,,480,count
,,,,derived_funnel,candidates_saved,,6,,,,family_holdout/grn_decoder_all,,8871,count
,,,,derived_funnel,expected_candidate_slots,,6,,,,family_holdout/grn_decoder_all,,8880,count
,,,,derived_funnel,missing_candidate_slots,,6,,,,family_holdout/grn_decoder_all,,9,count
,,,,derived_funnel,candidates_formula_evaluated,,6,,,,family_holdout/grn_decoder_all,,8871,count
,,,,derived_funnel,component_slots,,6,,,,family_holdout/grn_decoder_all,,26613,count
,,,,derived_funnel,trajectory_slots,,6,,,,family_holdout/grn_decoder_all,,26613,count
,,,,derived_funnel,selected_cells,,6,,,,family_holdout/grn_decoder_all,,480,count
,,,,derived_funnel,selected_valid_cells,,6,,,,family_holdout/grn_decoder_all,,472,count
,,,,derived_funnel,cells,,6,,,,family_holdout/grn_full,,480,count
,,,,derived_funnel,cells_with_candidates,,6,,,,family_holdout/grn_full,,480,count
,,,,derived_funnel,candidates_saved,,6,,,,family_holdout/grn_full,,8780,count
,,,,derived_funnel,expected_candidate_slots,,6,,,,family_holdout/grn_full,,8880,count
,,,,derived_funnel,missing_candidate_slots,,6,,,,family_holdout/grn_full,,100,count
,,,,derived_funnel,candidates_formula_evaluated,,6,,,,family_holdout/grn_full,,8780,count
,,,,derived_funnel,component_slots,,6,,,,family_holdout/grn_full,,26340,count
,,,,derived_funnel,trajectory_slots,,6,,,,family_holdout/grn_full,,26340,count
,,,,derived_funnel,selected_cells,,6,,,,family_holdout/grn_full,,480,count
,,,,derived_funnel,selected_valid_cells,,6,,,,family_holdout/grn_full,,416,count
,,,,derived_funnel,cells,,6,,,,family_holdout/official_continued_full,,480,count
,,,,derived_funnel,cells_with_candidates,,6,,,,family_holdout/official_continued_full,,480,count
,,,,derived_funnel,candidates_saved,,6,,,,family_holdout/official_continued_full,,8833,count
,,,,derived_funnel,expected_candidate_slots,,6,,,,family_holdout/official_continued_full,,8880,count
,,,,derived_funnel,missing_candidate_slots,,6,,,,family_holdout/official_continued_full,,47,count
,,,,derived_funnel,candidates_formula_evaluated,,6,,,,family_holdout/official_continued_full,,8833,count
,,,,derived_funnel,component_slots,,6,,,,family_holdout/official_continued_full,,26516,count
,,,,derived_funnel,trajectory_slots,,6,,,,family_holdout/official_continued_full,,26499,count
,,,,derived_funnel,selected_cells,,6,,,,family_holdout/official_continued_full,,480,count
,,,,derived_funnel,selected_valid_cells,,6,,,,family_holdout/official_continued_full,,480,count
,,,,derived_funnel,cells,,6,,,,main/frozen,,960,count
,,,,derived_funnel,cells_with_candidates,,6,,,,main/frozen,,960,count
,,,,derived_funnel,candidates_saved,,6,,,,main/frozen,,47987,count
,,,,derived_funnel,expected_candidate_slots,,6,,,,main/frozen,,48000,count
,,,,derived_funnel,missing_candidate_slots,,6,,,,main/frozen,,13,count
,,,,derived_funnel,candidates_formula_evaluated,,6,,,,main/frozen,,47987,count
,,,,derived_funnel,component_slots,,6,,,,main/frozen,,101963,count
,,,,derived_funnel,trajectory_slots,,6,,,,main/frozen,,143961,count
,,,,derived_funnel,selected_cells,,6,,,,main/frozen,,960,count
,,,,derived_funnel,selected_valid_cells,,6,,,,main/frozen,,960,count
,,,,derived_funnel,cells,,6,,,,main/grn_decoder_all,,1824,count
,,,,derived_funnel,cells_with_candidates,,6,,,,main/grn_decoder_all,,1824,count
,,,,derived_funnel,candidates_saved,,6,,,,main/grn_decoder_all,,50906,count
,,,,derived_funnel,expected_candidate_slots,,6,,,,main/grn_decoder_all,,54912,count
,,,,derived_funnel,missing_candidate_slots,,6,,,,main/grn_decoder_all,,4006,count
,,,,derived_funnel,candidates_formula_evaluated,,6,,,,main/grn_decoder_all,,50906,count
,,,,derived_funnel,component_slots,,6,,,,main/grn_decoder_all,,105464,count
,,,,derived_funnel,trajectory_slots,,6,,,,main/grn_decoder_all,,152718,count
,,,,derived_funnel,selected_cells,,6,,,,main/grn_decoder_all,,1824,count
,,,,derived_funnel,selected_valid_cells,,6,,,,main/grn_decoder_all,,1804,count
,,,,derived_funnel,cells,,6,,,,main/grn_full,,1824,count
,,,,derived_funnel,cells_with_candidates,,6,,,,main/grn_full,,1824,count
,,,,derived_funnel,candidates_saved,,6,,,,main/grn_full,,51149,count
,,,,derived_funnel,expected_candidate_slots,,6,,,,main/grn_full,,54912,count
,,,,derived_funnel,missing_candidate_slots,,6,,,,main/grn_full,,3763,count
,,,,derived_funnel,candidates_formula_evaluated,,6,,,,main/grn_full,,51121,count
,,,,derived_funnel,component_slots,,6,,,,main/grn_full,,107637,count
,,,,derived_funnel,trajectory_slots,,6,,,,main/grn_full,,153447,count
,,,,derived_funnel,selected_cells,,6,,,,main/grn_full,,1824,count
,,,,derived_funnel,selected_valid_cells,,6,,,,main/grn_full,,1787,count
,,,,derived_funnel,cells,,6,,,,main/official_continued_full,,1824,count
,,,,derived_funnel,cells_with_candidates,,6,,,,main/official_continued_full,,1824,count
,,,,derived_funnel,candidates_saved,,6,,,,main/official_continued_full,,54725,count
,,,,derived_funnel,expected_candidate_slots,,6,,,,main/official_continued_full,,54912,count
,,,,derived_funnel,missing_candidate_slots,,6,,,,main/official_continued_full,,187,count
,,,,derived_funnel,candidates_formula_evaluated,,6,,,,main/official_continued_full,,54725,count
,,,,derived_funnel,component_slots,,6,,,,main/official_continued_full,,115400,count
,,,,derived_funnel,trajectory_slots,,6,,,,main/official_continued_full,,164175,count
,,,,derived_funnel,selected_cells,,6,,,,main/official_continued_full,,1824,count
,,,,derived_funnel,selected_valid_cells,,6,,,,main/official_continued_full,,1817,count
,,,,derived_funnel,cells,,7,,,,family_holdout/grn_single_block,,7680,count
,,,,derived_funnel,cells_with_candidates,,7,,,,family_holdout/grn_single_block,,7680,count
,,,,derived_funnel,candidates_saved,,7,,,,family_holdout/grn_single_block,,137985,count
,,,,derived_funnel,expected_candidate_slots,,7,,,,family_holdout/grn_single_block,,142080,count
,,,,derived_funnel,missing_candidate_slots,,7,,,,family_holdout/grn_single_block,,4095,count
,,,,derived_funnel,candidates_formula_evaluated,,7,,,,family_holdout/grn_single_block,,137985,count
,,,,derived_funnel,component_slots,,7,,,,family_holdout/grn_single_block,,414432,count
,,,,derived_funnel,trajectory_slots,,7,,,,family_holdout/grn_single_block,,413955,count
,,,,derived_funnel,selected_cells,,7,,,,family_holdout/grn_single_block,,7680,count
,,,,derived_funnel,selected_valid_cells,,7,,,,family_holdout/grn_single_block,,7285,count
,,,,derived_funnel,cells,,7,,,,main/grn_single_block,,18432,count
,,,,derived_funnel,cells_with_candidates,,7,,,,main/grn_single_block,,18432,count
,,,,derived_funnel,candidates_saved,,7,,,,main/grn_single_block,,327312,count
,,,,derived_funnel,expected_candidate_slots,,7,,,,main/grn_single_block,,340992,count
,,,,derived_funnel,missing_candidate_slots,,7,,,,main/grn_single_block,,13680,count
,,,,derived_funnel,candidates_formula_evaluated,,7,,,,main/grn_single_block,,327312,count
,,,,derived_funnel,component_slots,,7,,,,main/grn_single_block,,648814,count
,,,,derived_funnel,trajectory_slots,,7,,,,main/grn_single_block,,981936,count
,,,,derived_funnel,selected_cells,,7,,,,main/grn_single_block,,18432,count
,,,,derived_funnel,selected_valid_cells,,7,,,,main/grn_single_block,,17894,count
,,,,derived_funnel,cells,,8,,,,family_holdout/frozen,,240,count
,,,,derived_funnel,cells_with_candidates,,8,,,,family_holdout/frozen,,240,count
,,,,derived_funnel,candidates_saved,,8,,,,family_holdout/frozen,,12000,count
,,,,derived_funnel,expected_candidate_slots,,8,,,,family_holdout/frozen,,12000,count
,,,,derived_funnel,missing_candidate_slots,,8,,,,family_holdout/frozen,,0,count
,,,,derived_funnel,candidates_formula_evaluated,,8,,,,family_holdout/frozen,,12000,count
,,,,derived_funnel,component_slots,,8,,,,family_holdout/frozen,,36000,count
,,,,derived_funnel,trajectory_slots,,8,,,,family_holdout/frozen,,37200,count
,,,,derived_funnel,selected_cells,,8,,,,family_holdout/frozen,,240,count
,,,,derived_funnel,selected_valid_cells,,8,,,,family_holdout/frozen,,240,count
,,,,derived_funnel,cells,,8,,,,family_holdout/grn_bottom3,,480,count
,,,,derived_funnel,cells_with_candidates,,8,,,,family_holdout/grn_bottom3,,480,count
,,,,derived_funnel,candidates_saved,,8,,,,family_holdout/grn_bottom3,,8865,count
,,,,derived_funnel,expected_candidate_slots,,8,,,,family_holdout/grn_bottom3,,8880,count
,,,,derived_funnel,missing_candidate_slots,,8,,,,family_holdout/grn_bottom3,,15,count
,,,,derived_funnel,candidates_formula_evaluated,,8,,,,family_holdout/grn_bottom3,,8865,count
,,,,derived_funnel,component_slots,,8,,,,family_holdout/grn_bottom3,,26595,count
,,,,derived_funnel,trajectory_slots,,8,,,,family_holdout/grn_bottom3,,26595,count
,,,,derived_funnel,selected_cells,,8,,,,family_holdout/grn_bottom3,,480,count
,,,,derived_funnel,selected_valid_cells,,8,,,,family_holdout/grn_bottom3,,425,count
,,,,derived_funnel,cells,,8,,,,family_holdout/grn_causal_top3,,480,count
,,,,derived_funnel,cells_with_candidates,,8,,,,family_holdout/grn_causal_top3,,480,count
,,,,derived_funnel,candidates_saved,,8,,,,family_holdout/grn_causal_top3,,8843,count
,,,,derived_funnel,expected_candidate_slots,,8,,,,family_holdout/grn_causal_top3,,8880,count
,,,,derived_funnel,missing_candidate_slots,,8,,,,family_holdout/grn_causal_top3,,37,count
,,,,derived_funnel,candidates_formula_evaluated,,8,,,,family_holdout/grn_causal_top3,,8843,count
,,,,derived_funnel,component_slots,,8,,,,family_holdout/grn_causal_top3,,26530,count
,,,,derived_funnel,trajectory_slots,,8,,,,family_holdout/grn_causal_top3,,26529,count
,,,,derived_funnel,selected_cells,,8,,,,family_holdout/grn_causal_top3,,480,count
,,,,derived_funnel,selected_valid_cells,,8,,,,family_holdout/grn_causal_top3,,466,count
,,,,derived_funnel,cells,,8,,,,family_holdout/grn_full,,240,count
,,,,derived_funnel,cells_with_candidates,,8,,,,family_holdout/grn_full,,240,count
,,,,derived_funnel,candidates_saved,,8,,,,family_holdout/grn_full,,11961,count
,,,,derived_funnel,expected_candidate_slots,,8,,,,family_holdout/grn_full,,12000,count
,,,,derived_funnel,missing_candidate_slots,,8,,,,family_holdout/grn_full,,39,count
,,,,derived_funnel,candidates_formula_evaluated,,8,,,,family_holdout/grn_full,,11961,count
,,,,derived_funnel,component_slots,,8,,,,family_holdout/grn_full,,35883,count
,,,,derived_funnel,trajectory_slots,,8,,,,family_holdout/grn_full,,37083,count
,,,,derived_funnel,selected_cells,,8,,,,family_holdout/grn_full,,240,count
,,,,derived_funnel,selected_valid_cells,,8,,,,family_holdout/grn_full,,240,count
,,,,derived_funnel,cells,,8,,,,family_holdout/grn_random3_0,,720,count
,,,,derived_funnel,cells_with_candidates,,8,,,,family_holdout/grn_random3_0,,720,count
,,,,derived_funnel,candidates_saved,,8,,,,family_holdout/grn_random3_0,,20869,count
,,,,derived_funnel,expected_candidate_slots,,8,,,,family_holdout/grn_random3_0,,20880,count
,,,,derived_funnel,missing_candidate_slots,,8,,,,family_holdout/grn_random3_0,,11,count
,,,,derived_funnel,candidates_formula_evaluated,,8,,,,family_holdout/grn_random3_0,,20869,count
,,,,derived_funnel,component_slots,,8,,,,family_holdout/grn_random3_0,,62607,count
,,,,derived_funnel,trajectory_slots,,8,,,,family_holdout/grn_random3_0,,63807,count
,,,,derived_funnel,selected_cells,,8,,,,family_holdout/grn_random3_0,,720,count
,,,,derived_funnel,selected_valid_cells,,8,,,,family_holdout/grn_random3_0,,717,count
,,,,derived_funnel,cells,,8,,,,family_holdout/grn_random3_1,,480,count
,,,,derived_funnel,cells_with_candidates,,8,,,,family_holdout/grn_random3_1,,480,count
,,,,derived_funnel,candidates_saved,,8,,,,family_holdout/grn_random3_1,,8849,count
,,,,derived_funnel,expected_candidate_slots,,8,,,,family_holdout/grn_random3_1,,8880,count
,,,,derived_funnel,missing_candidate_slots,,8,,,,family_holdout/grn_random3_1,,31,count
,,,,derived_funnel,candidates_formula_evaluated,,8,,,,family_holdout/grn_random3_1,,8849,count
,,,,derived_funnel,component_slots,,8,,,,family_holdout/grn_random3_1,,26547,count
,,,,derived_funnel,trajectory_slots,,8,,,,family_holdout/grn_random3_1,,26547,count
,,,,derived_funnel,selected_cells,,8,,,,family_holdout/grn_random3_1,,480,count
,,,,derived_funnel,selected_valid_cells,,8,,,,family_holdout/grn_random3_1,,480,count
,,,,derived_funnel,cells,,8,,,,family_holdout/grn_random3_2,,480,count
,,,,derived_funnel,cells_with_candidates,,8,,,,family_holdout/grn_random3_2,,480,count
,,,,derived_funnel,candidates_saved,,8,,,,family_holdout/grn_random3_2,,8829,count
,,,,derived_funnel,expected_candidate_slots,,8,,,,family_holdout/grn_random3_2,,8880,count
,,,,derived_funnel,missing_candidate_slots,,8,,,,family_holdout/grn_random3_2,,51,count
,,,,derived_funnel,candidates_formula_evaluated,,8,,,,family_holdout/grn_random3_2,,8829,count
,,,,derived_funnel,component_slots,,8,,,,family_holdout/grn_random3_2,,26487,count
,,,,derived_funnel,trajectory_slots,,8,,,,family_holdout/grn_random3_2,,26487,count
,,,,derived_funnel,selected_cells,,8,,,,family_holdout/grn_random3_2,,480,count
,,,,derived_funnel,selected_valid_cells,,8,,,,family_holdout/grn_random3_2,,473,count
,,,,derived_funnel,cells,,8,,,,family_holdout/grn_random3_3,,480,count
,,,,derived_funnel,cells_with_candidates,,8,,,,family_holdout/grn_random3_3,,480,count
,,,,derived_funnel,candidates_saved,,8,,,,family_holdout/grn_random3_3,,8861,count
,,,,derived_funnel,expected_candidate_slots,,8,,,,family_holdout/grn_random3_3,,8880,count
,,,,derived_funnel,missing_candidate_slots,,8,,,,family_holdout/grn_random3_3,,19,count
,,,,derived_funnel,candidates_formula_evaluated,,8,,,,family_holdout/grn_random3_3,,8861,count
,,,,derived_funnel,component_slots,,8,,,,family_holdout/grn_random3_3,,26583,count
,,,,derived_funnel,trajectory_slots,,8,,,,family_holdout/grn_random3_3,,26583,count
,,,,derived_funnel,selected_cells,,8,,,,family_holdout/grn_random3_3,,480,count
,,,,derived_funnel,selected_valid_cells,,8,,,,family_holdout/grn_random3_3,,477,count
,,,,derived_funnel,cells,,8,,,,family_holdout/grn_random3_4,,480,count
,,,,derived_funnel,cells_with_candidates,,8,,,,family_holdout/grn_random3_4,,480,count
,,,,derived_funnel,candidates_saved,,8,,,,family_holdout/grn_random3_4,,8880,count
,,,,derived_funnel,expected_candidate_slots,,8,,,,family_holdout/grn_random3_4,,8880,count
,,,,derived_funnel,missing_candidate_slots,,8,,,,family_holdout/grn_random3_4,,0,count
,,,,derived_funnel,candidates_formula_evaluated,,8,,,,family_holdout/grn_random3_4,,8880,count
,,,,derived_funnel,component_slots,,8,,,,family_holdout/grn_random3_4,,26640,count
,,,,derived_funnel,trajectory_slots,,8,,,,family_holdout/grn_random3_4,,26640,count
,,,,derived_funnel,selected_cells,,8,,,,family_holdout/grn_random3_4,,480,count
,,,,derived_funnel,selected_valid_cells,,8,,,,family_holdout/grn_random3_4,,479,count
,,,,derived_funnel,cells,,8,,,,family_holdout/grn_top1,,480,count
,,,,derived_funnel,cells_with_candidates,,8,,,,family_holdout/grn_top1,,480,count
,,,,derived_funnel,candidates_saved,,8,,,,family_holdout/grn_top1,,8818,count
,,,,derived_funnel,expected_candidate_slots,,8,,,,family_holdout/grn_top1,,8880,count
,,,,derived_funnel,missing_candidate_slots,,8,,,,family_holdout/grn_top1,,62,count
,,,,derived_funnel,candidates_formula_evaluated,,8,,,,family_holdout/grn_top1,,8818,count
,,,,derived_funnel,component_slots,,8,,,,family_holdout/grn_top1,,26454,count
,,,,derived_funnel,trajectory_slots,,8,,,,family_holdout/grn_top1,,26454,count
,,,,derived_funnel,selected_cells,,8,,,,family_holdout/grn_top1,,480,count
,,,,derived_funnel,selected_valid_cells,,8,,,,family_holdout/grn_top1,,480,count
,,,,derived_funnel,cells,,8,,,,family_holdout/grn_top3,,720,count
,,,,derived_funnel,cells_with_candidates,,8,,,,family_holdout/grn_top3,,720,count
,,,,derived_funnel,candidates_saved,,8,,,,family_holdout/grn_top3,,20623,count
,,,,derived_funnel,expected_candidate_slots,,8,,,,family_holdout/grn_top3,,20880,count
,,,,derived_funnel,missing_candidate_slots,,8,,,,family_holdout/grn_top3,,257,count
,,,,derived_funnel,candidates_formula_evaluated,,8,,,,family_holdout/grn_top3,,20623,count
,,,,derived_funnel,component_slots,,8,,,,family_holdout/grn_top3,,61870,count
,,,,derived_funnel,trajectory_slots,,8,,,,family_holdout/grn_top3,,63069,count
,,,,derived_funnel,selected_cells,,8,,,,family_holdout/grn_top3,,720,count
,,,,derived_funnel,selected_valid_cells,,8,,,,family_holdout/grn_top3,,720,count
,,,,derived_funnel,cells,,8,,,,family_holdout/official_continued_full,,240,count
,,,,derived_funnel,cells_with_candidates,,8,,,,family_holdout/official_continued_full,,240,count
,,,,derived_funnel,candidates_saved,,8,,,,family_holdout/official_continued_full,,11995,count
,,,,derived_funnel,expected_candidate_slots,,8,,,,family_holdout/official_continued_full,,12000,count
,,,,derived_funnel,missing_candidate_slots,,8,,,,family_holdout/official_continued_full,,5,count
,,,,derived_funnel,candidates_formula_evaluated,,8,,,,family_holdout/official_continued_full,,11995,count
,,,,derived_funnel,component_slots,,8,,,,family_holdout/official_continued_full,,35985,count
,,,,derived_funnel,trajectory_slots,,8,,,,family_holdout/official_continued_full,,37185,count
,,,,derived_funnel,selected_cells,,8,,,,family_holdout/official_continued_full,,240,count
,,,,derived_funnel,selected_valid_cells,,8,,,,family_holdout/official_continued_full,,240,count
,,,,derived_funnel,cells,,8,,,,main/frozen,,960,count
,,,,derived_funnel,cells_with_candidates,,8,,,,main/frozen,,960,count
,,,,derived_funnel,candidates_saved,,8,,,,main/frozen,,47777,count
,,,,derived_funnel,expected_candidate_slots,,8,,,,main/frozen,,48000,count
,,,,derived_funnel,missing_candidate_slots,,8,,,,main/frozen,,223,count
,,,,derived_funnel,candidates_formula_evaluated,,8,,,,main/frozen,,47777,count
,,,,derived_funnel,component_slots,,8,,,,main/frozen,,101555,count
,,,,derived_funnel,trajectory_slots,,8,,,,main/frozen,,148131,count
,,,,derived_funnel,selected_cells,,8,,,,main/frozen,,960,count
,,,,derived_funnel,selected_valid_cells,,8,,,,main/frozen,,960,count
,,,,derived_funnel,cells,,8,,,,main/grn_bottom3,,1824,count
,,,,derived_funnel,cells_with_candidates,,8,,,,main/grn_bottom3,,1824,count
,,,,derived_funnel,candidates_saved,,8,,,,main/grn_bottom3,,54796,count
,,,,derived_funnel,expected_candidate_slots,,8,,,,main/grn_bottom3,,54912,count
,,,,derived_funnel,missing_candidate_slots,,8,,,,main/grn_bottom3,,116,count
,,,,derived_funnel,candidates_formula_evaluated,,8,,,,main/grn_bottom3,,54796,count
,,,,derived_funnel,component_slots,,8,,,,main/grn_bottom3,,115540,count
,,,,derived_funnel,trajectory_slots,,8,,,,main/grn_bottom3,,164388,count
,,,,derived_funnel,selected_cells,,8,,,,main/grn_bottom3,,1824,count
,,,,derived_funnel,selected_valid_cells,,8,,,,main/grn_bottom3,,1770,count
,,,,derived_funnel,cells,,8,,,,main/grn_causal_top3,,1824,count
,,,,derived_funnel,cells_with_candidates,,8,,,,main/grn_causal_top3,,1824,count
,,,,derived_funnel,candidates_saved,,8,,,,main/grn_causal_top3,,54627,count
,,,,derived_funnel,expected_candidate_slots,,8,,,,main/grn_causal_top3,,54912,count
,,,,derived_funnel,missing_candidate_slots,,8,,,,main/grn_causal_top3,,285,count
,,,,derived_funnel,candidates_formula_evaluated,,8,,,,main/grn_causal_top3,,54627,count
,,,,derived_funnel,component_slots,,8,,,,main/grn_causal_top3,,115069,count
,,,,derived_funnel,trajectory_slots,,8,,,,main/grn_causal_top3,,163881,count
,,,,derived_funnel,selected_cells,,8,,,,main/grn_causal_top3,,1824,count
,,,,derived_funnel,selected_valid_cells,,8,,,,main/grn_causal_top3,,1796,count
,,,,derived_funnel,cells,,8,,,,main/grn_full,,960,count
,,,,derived_funnel,cells_with_candidates,,8,,,,main/grn_full,,960,count
,,,,derived_funnel,candidates_saved,,8,,,,main/grn_full,,43341,count
,,,,derived_funnel,expected_candidate_slots,,8,,,,main/grn_full,,48000,count
,,,,derived_funnel,missing_candidate_slots,,8,,,,main/grn_full,,4659,count
,,,,derived_funnel,candidates_formula_evaluated,,8,,,,main/grn_full,,43341,count
,,,,derived_funnel,component_slots,,8,,,,main/grn_full,,93300,count
,,,,derived_funnel,trajectory_slots,,8,,,,main/grn_full,,134823,count
,,,,derived_funnel,selected_cells,,8,,,,main/grn_full,,960,count
,,,,derived_funnel,selected_valid_cells,,8,,,,main/grn_full,,919,count
,,,,derived_funnel,cells,,8,,,,main/grn_random3_0,,2784,count
,,,,derived_funnel,cells_with_candidates,,8,,,,main/grn_random3_0,,2784,count
,,,,derived_funnel,candidates_saved,,8,,,,main/grn_random3_0,,102647,count
,,,,derived_funnel,expected_candidate_slots,,8,,,,main/grn_random3_0,,102912,count
,,,,derived_funnel,missing_candidate_slots,,8,,,,main/grn_random3_0,,265,count
,,,,derived_funnel,candidates_formula_evaluated,,8,,,,main/grn_random3_0,,102647,count
,,,,derived_funnel,component_slots,,8,,,,main/grn_random3_0,,217146,count
,,,,derived_funnel,trajectory_slots,,8,,,,main/grn_random3_0,,312741,count
,,,,derived_funnel,selected_cells,,8,,,,main/grn_random3_0,,2784,count
,,,,derived_funnel,selected_valid_cells,,8,,,,main/grn_random3_0,,2781,count
,,,,derived_funnel,cells,,8,,,,main/grn_random3_1,,1824,count
,,,,derived_funnel,cells_with_candidates,,8,,,,main/grn_random3_1,,1824,count
,,,,derived_funnel,candidates_saved,,8,,,,main/grn_random3_1,,54687,count
,,,,derived_funnel,expected_candidate_slots,,8,,,,main/grn_random3_1,,54912,count
,,,,derived_funnel,missing_candidate_slots,,8,,,,main/grn_random3_1,,225,count
,,,,derived_funnel,candidates_formula_evaluated,,8,,,,main/grn_random3_1,,54687,count
,,,,derived_funnel,component_slots,,8,,,,main/grn_random3_1,,115264,count
,,,,derived_funnel,trajectory_slots,,8,,,,main/grn_random3_1,,164061,count
,,,,derived_funnel,selected_cells,,8,,,,main/grn_random3_1,,1824,count
,,,,derived_funnel,selected_valid_cells,,8,,,,main/grn_random3_1,,1814,count
,,,,derived_funnel,cells,,8,,,,main/grn_random3_2,,1824,count
,,,,derived_funnel,cells_with_candidates,,8,,,,main/grn_random3_2,,1824,count
,,,,derived_funnel,candidates_saved,,8,,,,main/grn_random3_2,,54720,count
,,,,derived_funnel,expected_candidate_slots,,8,,,,main/grn_random3_2,,54912,count
,,,,derived_funnel,missing_candidate_slots,,8,,,,main/grn_random3_2,,192,count
,,,,derived_funnel,candidates_formula_evaluated,,8,,,,main/grn_random3_2,,54720,count
,,,,derived_funnel,component_slots,,8,,,,main/grn_random3_2,,115299,count
,,,,derived_funnel,trajectory_slots,,8,,,,main/grn_random3_2,,164160,count
,,,,derived_funnel,selected_cells,,8,,,,main/grn_random3_2,,1824,count
,,,,derived_funnel,selected_valid_cells,,8,,,,main/grn_random3_2,,1816,count
,,,,derived_funnel,cells,,8,,,,main/grn_random3_3,,1824,count
,,,,derived_funnel,cells_with_candidates,,8,,,,main/grn_random3_3,,1824,count
,,,,derived_funnel,candidates_saved,,8,,,,main/grn_random3_3,,54083,count
,,,,derived_funnel,expected_candidate_slots,,8,,,,main/grn_random3_3,,54912,count
,,,,derived_funnel,missing_candidate_slots,,8,,,,main/grn_random3_3,,829,count
,,,,derived_funnel,candidates_formula_evaluated,,8,,,,main/grn_random3_3,,54083,count
,,,,derived_funnel,component_slots,,8,,,,main/grn_random3_3,,113835,count
,,,,derived_funnel,trajectory_slots,,8,,,,main/grn_random3_3,,162249,count
,,,,derived_funnel,selected_cells,,8,,,,main/grn_random3_3,,1824,count
,,,,derived_funnel,selected_valid_cells,,8,,,,main/grn_random3_3,,1821,count
,,,,derived_funnel,cells,,8,,,,main/grn_random3_4,,1824,count
,,,,derived_funnel,cells_with_candidates,,8,,,,main/grn_random3_4,,1824,count
,,,,derived_funnel,candidates_saved,,8,,,,main/grn_random3_4,,51354,count
,,,,derived_funnel,expected_candidate_slots,,8,,,,main/grn_random3_4,,54912,count
,,,,derived_funnel,missing_candidate_slots,,8,,,,main/grn_random3_4,,3558,count
,,,,derived_funnel,candidates_formula_evaluated,,8,,,,main/grn_random3_4,,51354,count
,,,,derived_funnel,component_slots,,8,,,,main/grn_random3_4,,106795,count
,,,,derived_funnel,trajectory_slots,,8,,,,main/grn_random3_4,,154062,count
,,,,derived_funnel,selected_cells,,8,,,,main/grn_random3_4,,1824,count
,,,,derived_funnel,selected_valid_cells,,8,,,,main/grn_random3_4,,1800,count
,,,,derived_funnel,cells,,8,,,,main/grn_top1,,1824,count
,,,,derived_funnel,cells_with_candidates,,8,,,,main/grn_top1,,1824,count
,,,,derived_funnel,candidates_saved,,8,,,,main/grn_top1,,54652,count
,,,,derived_funnel,expected_candidate_slots,,8,,,,main/grn_top1,,54912,count
,,,,derived_funnel,missing_candidate_slots,,8,,,,main/grn_top1,,260,count
,,,,derived_funnel,candidates_formula_evaluated,,8,,,,main/grn_top1,,54652,count
,,,,derived_funnel,component_slots,,8,,,,main/grn_top1,,115133,count
,,,,derived_funnel,trajectory_slots,,8,,,,main/grn_top1,,163956,count
,,,,derived_funnel,selected_cells,,8,,,,main/grn_top1,,1824,count
,,,,derived_funnel,selected_valid_cells,,8,,,,main/grn_top1,,1814,count
,,,,derived_funnel,cells,,8,,,,main/grn_top3,,2784,count
,,,,derived_funnel,cells_with_candidates,,8,,,,main/grn_top3,,2784,count
,,,,derived_funnel,candidates_saved,,8,,,,main/grn_top3,,99182,count
,,,,derived_funnel,expected_candidate_slots,,8,,,,main/grn_top3,,102912,count
,,,,derived_funnel,missing_candidate_slots,,8,,,,main/grn_top3,,3730,count
,,,,derived_funnel,candidates_formula_evaluated,,8,,,,main/grn_top3,,99174,count
,,,,derived_funnel,component_slots,,8,,,,main/grn_top3,,207505,count
,,,,derived_funnel,trajectory_slots,,8,,,,main/grn_top3,,302346,count
,,,,derived_funnel,selected_cells,,8,,,,main/grn_top3,,2784,count
,,,,derived_funnel,selected_valid_cells,,8,,,,main/grn_top3,,2771,count
,,,,derived_funnel,cells,,8,,,,main/official_continued_full,,960,count
,,,,derived_funnel,cells_with_candidates,,8,,,,main/official_continued_full,,960,count
,,,,derived_funnel,candidates_saved,,8,,,,main/official_continued_full,,47866,count
,,,,derived_funnel,expected_candidate_slots,,8,,,,main/official_continued_full,,48000,count
,,,,derived_funnel,missing_candidate_slots,,8,,,,main/official_continued_full,,134,count
,,,,derived_funnel,candidates_formula_evaluated,,8,,,,main/official_continued_full,,47866,count
,,,,derived_funnel,component_slots,,8,,,,main/official_continued_full,,101725,count
,,,,derived_funnel,trajectory_slots,,8,,,,main/official_continued_full,,148398,count
,,,,derived_funnel,selected_cells,,8,,,,main/official_continued_full,,960,count
,,,,derived_funnel,selected_valid_cells,,8,,,,main/official_continued_full,,960,count
,,,,derived_funnel,cells,,8,,,,unknown/unknown,,3780,count
,,,,derived_funnel,cells_with_candidates,,8,,,,unknown/unknown,,0,count
,,,,derived_funnel,candidates_saved,,8,,,,unknown/unknown,,0,count
,,,,derived_funnel,expected_candidate_slots,,8,,,,unknown/unknown,,0,count
,,,,derived_funnel,missing_candidate_slots,,8,,,,unknown/unknown,,0,count
,,,,derived_funnel,candidates_formula_evaluated,,8,,,,unknown/unknown,,0,count
,,,,derived_funnel,component_slots,,8,,,,unknown/unknown,,0,count
,,,,derived_funnel,trajectory_slots,,8,,,,unknown/unknown,,0,count
,,,,derived_funnel,selected_cells,,8,,,,unknown/unknown,,0,count
,,,,derived_funnel,selected_valid_cells,,8,,,,unknown/unknown,,0,count
,,,,upstream_funnel,candidate_return_shortfall,,3,,,72965261863abaa109e0144fd35402eea94f6b84dac4544788bfa8f0a72578ab,all,,13.0,count
,,,,upstream_funnel,component_generation_failure,,3,,,72965261863abaa109e0144fd35402eea94f6b84dac4544788bfa8f0a72578ab,all,,1933.0,count
,,,,upstream_funnel,component_selection_failure_input_robust,,3,,,72965261863abaa109e0144fd35402eea94f6b84dac4544788bfa8f0a72578ab,all,,49.0,count
,,,,upstream_funnel,component_selection_failure_multi_ic,,3,,,72965261863abaa109e0144fd35402eea94f6b84dac4544788bfa8f0a72578ab,all,,44.0,count
,,,,upstream_funnel,component_selection_failure_multi_ic_complexity,,3,,,72965261863abaa109e0144fd35402eea94f6b84dac4544788bfa8f0a72578ab,all,,29.0,count
,,,,upstream_funnel,component_selection_failure_official_reconstruction,,3,,,72965261863abaa109e0144fd35402eea94f6b84dac4544788bfa8f0a72578ab,all,,49.0,count
,,,,upstream_funnel,component_selection_failure_selection_ic,,3,,,72965261863abaa109e0144fd35402eea94f6b84dac4544788bfa8f0a72578ab,all,,42.0,count
,,,,upstream_funnel,component_selection_failure_structural_oracle,,3,,,72965261863abaa109e0144fd35402eea94f6b84dac4544788bfa8f0a72578ab,all,,19.0,count
,,,,upstream_funnel,generalization_integration_failure,,3,,,72965261863abaa109e0144fd35402eea94f6b84dac4544788bfa8f0a72578ab,all,,904.0,count
,,,,upstream_funnel,generation_failure,,3,,,72965261863abaa109e0144fd35402eea94f6b84dac4544788bfa8f0a72578ab,all,,960.0,count
,,,,upstream_funnel,input_integration_failure,,3,,,72965261863abaa109e0144fd35402eea94f6b84dac4544788bfa8f0a72578ab,all,,57.0,count
,,,,upstream_funnel,selection_integration_failure,,3,,,72965261863abaa109e0144fd35402eea94f6b84dac4544788bfa8f0a72578ab,all,,597.0,count
,,,,upstream_funnel,beam_shortfall,,5,,,98162b5d9955c9a4fa9e12dd207b36d2ea164b498e4006da1cc818ad1eabf47a,holdout_R06,,198.0,count
,,,,upstream_funnel,empty_beam,,5,,,98162b5d9955c9a4fa9e12dd207b36d2ea164b498e4006da1cc818ad1eabf47a,holdout_R06,,0.0,count
,,,,upstream_funnel,n_cells,,5,,,98162b5d9955c9a4fa9e12dd207b36d2ea164b498e4006da1cc818ad1eabf47a,holdout_R06,,510.0,count
,,,,upstream_funnel,ParseError,,5,,,98162b5d9955c9a4fa9e12dd207b36d2ea164b498e4006da1cc818ad1eabf47a,holdout_R06/selected_failure_reasons,,59.0,count
,,,,upstream_funnel,TEDParseError,,5,,,98162b5d9955c9a4fa9e12dd207b36d2ea164b498e4006da1cc818ad1eabf47a,holdout_R06/selected_failure_reasons,,19.0,count
,,,,upstream_funnel,none,,5,,,98162b5d9955c9a4fa9e12dd207b36d2ea164b498e4006da1cc818ad1eabf47a,holdout_R06/selected_failure_reasons,,432.0,count
,,,,upstream_funnel,selected_valid,,5,,,98162b5d9955c9a4fa9e12dd207b36d2ea164b498e4006da1cc818ad1eabf47a,holdout_R06,,432.0,count
,,,,upstream_funnel,selected_valid_rate,,5,,,98162b5d9955c9a4fa9e12dd207b36d2ea164b498e4006da1cc818ad1eabf47a,holdout_R06,,0.8470588235294118,rate
,,,,upstream_funnel,beam_shortfall,,5,,,98162b5d9955c9a4fa9e12dd207b36d2ea164b498e4006da1cc818ad1eabf47a,main,,478.0,count
,,,,upstream_funnel,empty_beam,,5,,,98162b5d9955c9a4fa9e12dd207b36d2ea164b498e4006da1cc818ad1eabf47a,main,,0.0,count
,,,,upstream_funnel,n_cells,,5,,,98162b5d9955c9a4fa9e12dd207b36d2ea164b498e4006da1cc818ad1eabf47a,main,,1224.0,count
,,,,upstream_funnel,ParseError,,5,,,98162b5d9955c9a4fa9e12dd207b36d2ea164b498e4006da1cc818ad1eabf47a,main/selected_failure_reasons,,159.0,count
,,,,upstream_funnel,TEDParseError,,5,,,98162b5d9955c9a4fa9e12dd207b36d2ea164b498e4006da1cc818ad1eabf47a,main/selected_failure_reasons,,110.0,count
,,,,upstream_funnel,none,,5,,,98162b5d9955c9a4fa9e12dd207b36d2ea164b498e4006da1cc818ad1eabf47a,main/selected_failure_reasons,,955.0,count
,,,,upstream_funnel,selected_valid,,5,,,98162b5d9955c9a4fa9e12dd207b36d2ea164b498e4006da1cc818ad1eabf47a,main,,955.0,count
,,,,upstream_funnel,selected_valid_rate,,5,,,98162b5d9955c9a4fa9e12dd207b36d2ea164b498e4006da1cc818ad1eabf47a,main,,0.7802287581699346,rate
,,,,upstream_funnel,beam_shortfall,,5,,,98162b5d9955c9a4fa9e12dd207b36d2ea164b498e4006da1cc818ad1eabf47a,zero_robustness,,144.0,count
,,,,upstream_funnel,empty_beam,,5,,,98162b5d9955c9a4fa9e12dd207b36d2ea164b498e4006da1cc818ad1eabf47a,zero_robustness,,0.0,count
,,,,upstream_funnel,n_cells,,5,,,98162b5d9955c9a4fa9e12dd207b36d2ea164b498e4006da1cc818ad1eabf47a,zero_robustness,,216.0,count
,,,,upstream_funnel,NonFiniteConstant,,5,,,98162b5d9955c9a4fa9e12dd207b36d2ea164b498e4006da1cc818ad1eabf47a,zero_robustness/selected_failure_reasons,,72.0,count
,,,,upstream_funnel,ParseError,,5,,,98162b5d9955c9a4fa9e12dd207b36d2ea164b498e4006da1cc818ad1eabf47a,zero_robustness/selected_failure_reasons,,103.0,count
,,,,upstream_funnel,TEDParseError,,5,,,98162b5d9955c9a4fa9e12dd207b36d2ea164b498e4006da1cc818ad1eabf47a,zero_robustness/selected_failure_reasons,,3.0,count
,,,,upstream_funnel,none,,5,,,98162b5d9955c9a4fa9e12dd207b36d2ea164b498e4006da1cc818ad1eabf47a,zero_robustness/selected_failure_reasons,,38.0,count
,,,,upstream_funnel,selected_valid,,5,,,98162b5d9955c9a4fa9e12dd207b36d2ea164b498e4006da1cc818ad1eabf47a,zero_robustness,,38.0,count
,,,,upstream_funnel,selected_valid_rate,,5,,,98162b5d9955c9a4fa9e12dd207b36d2ea164b498e4006da1cc818ad1eabf47a,zero_robustness,,0.17592592592592593,rate
